Treatment,Medium,Drying,Rep,Number_sown,Day_1,Day_2,Day_3,Day_4,Day_5,Day_6,Day_7,Day_8,Day_9,Day_10,Day_11,Day_12,Day_13,Day_14,Day_15,Day_16,Day_17,Day_18,Day_19,Day_20,Day_21,Day_22,Day_23,Day_24,Day_25,Day_26,Day_27,Day_28,Day_29,Day_30,Day_31,Day_32,Day_33,Day_34,Day_35,Day_36,Day_37,Day_38,Day_39,Day_40,Day_41,Day_42,Day_43,Day_44,Day_45,Day_46,Day_47,Day_48,Day_49,Day_50,Day_51,Day_52,Day_53,Day_54,Day_55,Day_56,Day_57,Day_58,Day_59,Day_60,Day_61,Day_62,Day_63,Day_64,Day_65,Day_66,Day_67,Day_68,Day_69,Day_70,Day_71,Day_72,Day_73,Day_74,Day_75,Day_76,Day_77,Day_78,Day_79,Day_80,Day_81,Day_82,Day_83,Day_84,Day_85,Day_86,Day_87,Day_88,Day_89,Day_90,Day_91,Day_92,Day_93,Day_94,Day_95,Day_96,Day_97,Day_98,Day_99,Day_100,Day_101,Day_102,Day_103,Day_104,Day_105,Day_106,Day_107,Day_108,Day_109,Day_110,Day_111,Day_112,Day_113,Day_114,Day_115,Day_116,Day_117,Day_118,Day_119,Day_120,Day_121,Day_122,Day_123,Day_124,Day_125,Day_126,Day_127,Day_128,Day_129,Day_130,Day_131,Day_132,Day_133,Day_134,Day_135,Day_136,Day_137,Day_138,Day_139,Day_140,Day_141,Day_142,Day_143,Day_144,Day_145,Day_146,Day_147,Day_148,Day_149,Day_150,Day_151,Day_152,Day_153,Day_154,Day_155,Day_156,Day_157,Day_158,Day_159,Day_160,Day_161,Day_162,Day_163,Day_164,Day_165,Day_166,Day_167,Day_168,Day_169,Day_170,Day_171,Day_172,Day_173,Day_174,Day_175,Day_176,Day_177,Day_178,Day_179,Day_180,Day_181,Day_182
Spring/autumn,WA,Fresh,1,15,NA,NA,NA,NA,NA,NA,0,NA,NA,NA,NA,NA,0,NA,NA,NA,NA,NA,NA,NA,0,NA,NA,NA,NA,NA,0,NA,NA,NA,NA,NA,NA,0,NA,NA,NA,0,NA,NA,1,NA,NA,NA,NA,NA,NA,1,NA,NA,NA,NA,NA,NA,0,NA,NA,NA,NA,NA,NA,NA,NA,NA,NA,NA,0,NA,1,NA,NA,NA,NA,NA,NA,NA,NA,NA,NA,NA,NA,NA,1,NA,NA,NA,NA,NA,NA,NA,NA,NA,NA,NA,NA,NA,0,NA,NA,NA,NA,NA,NA,0,NA,NA,NA,NA,NA,NA,0,NA,NA,NA,NA,NA,NA,0,NA,NA,NA,NA,NA,NA,0,NA,NA,NA,NA,NA,NA,1,NA,NA,NA,NA,NA,NA,0,NA,NA,NA,NA,NA,NA,1,NA,NA,NA,NA,NA,NA,NA,NA,NA,NA,NA,NA,NA,0,NA,NA,NA,NA,NA,NA,0,NA,NA,NA,NA,NA,NA,0,NA,NA,NA,NA,NA,0,NA,NA
Spring/autumn,WA,Fresh,2,13,NA,NA,NA,NA,NA,NA,0,NA,NA,NA,NA,NA,0,NA,NA,NA,NA,NA,NA,NA,0,NA,NA,NA,NA,NA,0,NA,NA,NA,NA,NA,NA,0,NA,NA,NA,0,NA,NA,0,NA,NA,NA,NA,NA,NA,1,NA,NA,NA,NA,NA,NA,0,NA,NA,NA,NA,NA,NA,NA,NA,NA,NA,NA,0,NA,0,NA,NA,NA,NA,NA,NA,NA,NA,NA,NA,NA,NA,NA,0,NA,NA,NA,NA,NA,NA,NA,NA,NA,NA,NA,NA,NA,1,NA,NA,NA,NA,NA,NA,0,NA,NA,NA,NA,NA,NA,0,NA,NA,NA,NA,NA,NA,1,NA,NA,NA,NA,NA,NA,0,NA,NA,NA,NA,NA,NA,1,NA,NA,NA,NA,NA,NA,0,NA,NA,NA,NA,NA,NA,0,NA,NA,NA,NA,NA,NA,NA,NA,NA,NA,NA,NA,NA,0,NA,NA,NA,NA,NA,NA,0,NA,NA,NA,NA,NA,NA,0,NA,NA,NA,NA,NA,0,NA,NA
Spring/autumn,WA,Fresh,3,14,NA,NA,NA,NA,NA,NA,0,NA,NA,NA,NA,NA,0,NA,NA,NA,NA,NA,NA,NA,0,NA,NA,NA,NA,NA,0,NA,NA,NA,NA,NA,NA,1,NA,NA,NA,0,NA,NA,0,NA,NA,NA,NA,NA,NA,0,NA,NA,NA,NA,NA,NA,0,NA,NA,NA,NA,NA,NA,NA,NA,NA,NA,NA,1,NA,0,NA,NA,NA,NA,NA,NA,NA,NA,NA,NA,NA,NA,NA,0,NA,NA,NA,NA,NA,NA,NA,NA,NA,NA,NA,NA,NA,2,NA,NA,NA,NA,NA,NA,0,NA,NA,NA,NA,NA,NA,0,NA,NA,NA,NA,NA,NA,0,NA,NA,NA,NA,NA,NA,0,NA,NA,NA,NA,NA,NA,0,NA,NA,NA,NA,NA,NA,0,NA,NA,NA,NA,NA,NA,0,NA,NA,NA,NA,NA,NA,NA,NA,NA,NA,NA,NA,NA,0,NA,NA,NA,NA,NA,NA,0,NA,NA,NA,NA,NA,NA,0,NA,NA,NA,NA,NA,0,NA,NA
Spring/autumn,WA + GA3,Fresh,1,14,NA,NA,NA,NA,NA,NA,0,NA,NA,NA,NA,NA,0,NA,NA,NA,NA,NA,NA,NA,0,NA,NA,NA,NA,NA,0,NA,NA,NA,NA,NA,NA,0,NA,NA,NA,1,NA,NA,1,NA,NA,NA,NA,NA,NA,1,NA,NA,NA,NA,NA,NA,0,NA,NA,NA,NA,NA,NA,NA,NA,NA,NA,NA,1,NA,0,NA,NA,NA,NA,NA,NA,NA,NA,NA,NA,NA,NA,NA,0,NA,NA,NA,NA,NA,NA,NA,NA,NA,NA,NA,NA,NA,0,NA,NA,NA,NA,NA,NA,0,NA,NA,NA,NA,NA,NA,0,NA,NA,NA,NA,NA,NA,0,NA,NA,NA,NA,NA,NA,0,NA,NA,NA,NA,NA,NA,0,NA,NA,NA,NA,NA,NA,2,NA,NA,NA,NA,NA,NA,0,NA,NA,NA,NA,NA,NA,NA,NA,NA,NA,NA,NA,NA,0,NA,NA,NA,NA,NA,NA,0,NA,NA,NA,NA,NA,NA,0,NA,NA,NA,NA,NA,0,NA,NA
Spring/autumn,WA + GA3,Fresh,2,15,NA,NA,NA,NA,NA,NA,0,NA,NA,NA,NA,NA,0,NA,NA,NA,NA,NA,NA,NA,0,NA,NA,NA,NA,NA,2,NA,NA,NA,NA,NA,NA,0,NA,NA,NA,3,NA,NA,0,NA,NA,NA,NA,NA,NA,0,NA,NA,NA,NA,NA,NA,0,NA,NA,NA,NA,NA,NA,NA,NA,NA,NA,NA,1,NA,0,NA,NA,NA,NA,NA,NA,NA,NA,NA,NA,NA,NA,NA,1,NA,NA,NA,NA,NA,NA,NA,NA,NA,NA,NA,NA,NA,0,NA,NA,NA,NA,NA,NA,0,NA,NA,NA,NA,NA,NA,0,NA,NA,NA,NA,NA,NA,0,NA,NA,NA,NA,NA,NA,0,NA,NA,NA,NA,NA,NA,0,NA,NA,NA,NA,NA,NA,0,NA,NA,NA,NA,NA,NA,0,NA,NA,NA,NA,NA,NA,NA,NA,NA,NA,NA,NA,NA,0,NA,NA,NA,NA,NA,NA,0,NA,NA,NA,NA,NA,NA,0,NA,NA,NA,NA,NA,0,NA,NA
Spring/autumn,WA + GA3,Fresh,3,13,NA,NA,NA,NA,NA,NA,0,NA,NA,NA,NA,NA,0,NA,NA,NA,NA,NA,NA,NA,0,NA,NA,NA,NA,NA,0,NA,NA,NA,NA,NA,NA,3,NA,NA,NA,1,NA,NA,1,NA,NA,NA,NA,NA,NA,0,NA,NA,NA,NA,NA,NA,0,NA,NA,NA,NA,NA,NA,NA,NA,NA,NA,NA,0,NA,0,NA,NA,NA,NA,NA,NA,NA,NA,NA,NA,NA,NA,NA,0,NA,NA,NA,NA,NA,NA,NA,NA,NA,NA,NA,NA,NA,0,NA,NA,NA,NA,NA,NA,0,NA,NA,NA,NA,NA,NA,0,NA,NA,NA,NA,NA,NA,0,NA,NA,NA,NA,NA,NA,0,NA,NA,NA,NA,NA,NA,0,NA,NA,NA,NA,NA,NA,1,NA,NA,NA,NA,NA,NA,0,NA,NA,NA,NA,NA,NA,NA,NA,NA,NA,NA,NA,NA,0,NA,NA,NA,NA,NA,NA,0,NA,NA,NA,NA,NA,NA,0,NA,NA,NA,NA,NA,0,NA,NA
Summer,WA,Fresh,1,14,NA,NA,NA,NA,NA,NA,0,NA,NA,NA,NA,NA,0,NA,NA,NA,NA,NA,NA,NA,0,NA,NA,NA,NA,NA,0,NA,NA,NA,NA,NA,NA,0,NA,NA,NA,0,NA,NA,0,NA,NA,NA,NA,NA,NA,0,NA,NA,NA,NA,NA,NA,0,NA,NA,NA,NA,NA,NA,NA,NA,NA,NA,NA,0,NA,0,NA,NA,NA,NA,NA,NA,NA,NA,NA,NA,NA,NA,NA,0,NA,NA,NA,NA,NA,NA,NA,NA,NA,NA,NA,NA,NA,0,NA,NA,NA,NA,NA,NA,0,NA,NA,NA,NA,NA,NA,0,NA,NA,NA,NA,NA,NA,0,NA,NA,NA,NA,NA,NA,0,NA,NA,NA,NA,NA,NA,0,NA,NA,NA,NA,NA,NA,0,NA,NA,NA,NA,NA,NA,0,NA,NA,NA,NA,NA,NA,NA,NA,NA,NA,NA,NA,NA,0,NA,NA,NA,NA,NA,NA,0,NA,NA,NA,NA,NA,NA,0,NA,NA,NA,NA,NA,0,NA,NA
Summer,WA,Fresh,2,14,NA,NA,NA,NA,NA,NA,0,NA,NA,NA,NA,NA,0,NA,NA,NA,NA,NA,NA,NA,0,NA,NA,NA,NA,NA,0,NA,NA,NA,NA,NA,NA,0,NA,NA,NA,0,NA,NA,0,NA,NA,NA,NA,NA,NA,0,NA,NA,NA,NA,NA,NA,0,NA,NA,NA,NA,NA,NA,NA,NA,NA,NA,NA,0,NA,0,NA,NA,NA,NA,NA,NA,NA,NA,NA,NA,NA,NA,NA,0,NA,NA,NA,NA,NA,NA,NA,NA,NA,NA,NA,NA,NA,0,NA,NA,NA,NA,NA,NA,0,NA,NA,NA,NA,NA,NA,0,NA,NA,NA,NA,NA,NA,0,NA,NA,NA,NA,NA,NA,0,NA,NA,NA,NA,NA,NA,0,NA,NA,NA,NA,NA,NA,0,NA,NA,NA,NA,NA,NA,0,NA,NA,NA,NA,NA,NA,NA,NA,NA,NA,NA,NA,NA,0,NA,NA,NA,NA,NA,NA,0,NA,NA,NA,NA,NA,NA,0,NA,NA,NA,NA,NA,0,NA,NA
Summer,WA,Fresh,3,15,NA,NA,NA,NA,NA,NA,0,NA,NA,NA,NA,NA,0,NA,NA,NA,NA,NA,NA,NA,0,NA,NA,NA,NA,NA,0,NA,NA,NA,NA,NA,NA,0,NA,NA,NA,0,NA,NA,0,NA,NA,NA,NA,NA,NA,0,NA,NA,NA,NA,NA,NA,0,NA,NA,NA,NA,NA,NA,NA,NA,NA,NA,NA,0,NA,0,NA,NA,NA,NA,NA,NA,NA,NA,NA,NA,NA,NA,NA,0,NA,NA,NA,NA,NA,NA,NA,NA,NA,NA,NA,NA,NA,0,NA,NA,NA,NA,NA,NA,0,NA,NA,NA,NA,NA,NA,0,NA,NA,NA,NA,NA,NA,0,NA,NA,NA,NA,NA,NA,0,NA,NA,NA,NA,NA,NA,0,NA,NA,NA,NA,NA,NA,0,NA,NA,NA,NA,NA,NA,0,NA,NA,NA,NA,NA,NA,NA,NA,NA,NA,NA,NA,NA,0,NA,NA,NA,NA,NA,NA,0,NA,NA,NA,NA,NA,NA,0,NA,NA,NA,NA,NA,0,NA,NA
Summer,WA + GA3,Fresh,1,13,NA,NA,NA,NA,NA,NA,0,NA,NA,NA,NA,NA,0,NA,NA,NA,NA,NA,NA,NA,0,NA,NA,NA,NA,NA,0,NA,NA,NA,NA,NA,NA,0,NA,NA,NA,0,NA,NA,0,NA,NA,NA,NA,NA,NA,0,NA,NA,NA,NA,NA,NA,0,NA,NA,NA,NA,NA,NA,NA,NA,NA,NA,NA,0,NA,0,NA,NA,NA,NA,NA,NA,NA,NA,NA,NA,NA,NA,NA,0,NA,NA,NA,NA,NA,NA,NA,NA,NA,NA,NA,NA,NA,0,NA,NA,NA,NA,NA,NA,0,NA,NA,NA,NA,NA,NA,0,NA,NA,NA,NA,NA,NA,0,NA,NA,NA,NA,NA,NA,0,NA,NA,NA,NA,NA,NA,0,NA,NA,NA,NA,NA,NA,0,NA,NA,NA,NA,NA,NA,0,NA,NA,NA,NA,NA,NA,NA,NA,NA,NA,NA,NA,NA,0,NA,NA,NA,NA,NA,NA,0,NA,NA,NA,NA,NA,NA,0,NA,NA,NA,NA,NA,0,NA,NA
Summer,WA + GA3,Fresh,2,15,NA,NA,NA,NA,NA,NA,0,NA,NA,NA,NA,NA,0,NA,NA,NA,NA,NA,NA,NA,0,NA,NA,NA,NA,NA,0,NA,NA,NA,NA,NA,NA,0,NA,NA,NA,0,NA,NA,0,NA,NA,NA,NA,NA,NA,0,NA,NA,NA,NA,NA,NA,0,NA,NA,NA,NA,NA,NA,NA,NA,NA,NA,NA,0,NA,0,NA,NA,NA,NA,NA,NA,NA,NA,NA,NA,NA,NA,NA,0,NA,NA,NA,NA,NA,NA,NA,NA,NA,NA,NA,NA,NA,0,NA,NA,NA,NA,NA,NA,0,NA,NA,NA,NA,NA,NA,0,NA,NA,NA,NA,NA,NA,0,NA,NA,NA,NA,NA,NA,0,NA,NA,NA,NA,NA,NA,0,NA,NA,NA,NA,NA,NA,0,NA,NA,NA,NA,NA,NA,0,NA,NA,NA,NA,NA,NA,NA,NA,NA,NA,NA,NA,NA,0,NA,NA,NA,NA,NA,NA,0,NA,NA,NA,NA,NA,NA,0,NA,NA,NA,NA,NA,0,NA,NA
Summer,WA + GA3,Fresh,3,15,NA,NA,NA,NA,NA,NA,0,NA,NA,NA,NA,NA,0,NA,NA,NA,NA,NA,NA,NA,0,NA,NA,NA,NA,NA,0,NA,NA,NA,NA,NA,NA,0,NA,NA,NA,0,NA,NA,0,NA,NA,NA,NA,NA,NA,0,NA,NA,NA,NA,NA,NA,0,NA,NA,NA,NA,NA,NA,NA,NA,NA,NA,NA,0,NA,0,NA,NA,NA,NA,NA,NA,NA,NA,NA,NA,NA,NA,NA,0,NA,NA,NA,NA,NA,NA,NA,NA,NA,NA,NA,NA,NA,0,NA,NA,NA,NA,NA,NA,0,NA,NA,NA,NA,NA,NA,0,NA,NA,NA,NA,NA,NA,0,NA,NA,NA,NA,NA,NA,0,NA,NA,NA,NA,NA,NA,0,NA,NA,NA,NA,NA,NA,0,NA,NA,NA,NA,NA,NA,0,NA,NA,NA,NA,NA,NA,NA,NA,NA,NA,NA,NA,NA,0,NA,NA,NA,NA,NA,NA,0,NA,NA,NA,NA,NA,NA,0,NA,NA,NA,NA,NA,0,NA,NA
Winter,WA,Fresh,1,15,NA,NA,NA,NA,NA,NA,0,NA,NA,NA,NA,NA,0,NA,NA,NA,NA,NA,NA,NA,1,NA,NA,NA,1,NA,2,NA,NA,NA,NA,NA,NA,4,NA,NA,NA,1,NA,NA,2,NA,NA,NA,NA,NA,NA,2,NA,NA,NA,NA,NA,NA,0,NA,NA,NA,NA,NA,NA,NA,NA,NA,NA,NA,0,NA,0,NA,NA,NA,NA,NA,NA,NA,NA,NA,NA,NA,NA,NA,0,NA,NA,NA,NA,NA,NA,NA,NA,NA,NA,NA,NA,NA,0,NA,NA,NA,NA,NA,NA,0,NA,NA,NA,NA,NA,NA,0,NA,NA,NA,NA,NA,NA,0,NA,NA,NA,NA,NA,NA,0,NA,NA,NA,NA,NA,NA,0,NA,NA,NA,NA,NA,NA,0,NA,NA,NA,NA,NA,NA,0,NA,NA,NA,NA,NA,NA,NA,NA,NA,NA,NA,NA,NA,0,NA,NA,NA,NA,NA,NA,0,NA,NA,NA,NA,NA,NA,0,NA,NA,NA,NA,NA,0,NA,NA
Winter,WA,Fresh,2,15,NA,NA,NA,NA,NA,NA,0,NA,NA,NA,NA,NA,0,NA,NA,NA,NA,NA,NA,NA,1,NA,NA,NA,0,NA,1,NA,NA,NA,NA,NA,NA,3,NA,NA,NA,1,NA,NA,1,NA,NA,NA,NA,NA,NA,2,NA,NA,NA,NA,NA,NA,0,NA,NA,NA,NA,NA,NA,NA,NA,NA,NA,NA,0,NA,0,NA,NA,NA,NA,NA,NA,NA,NA,NA,NA,NA,NA,NA,1,NA,NA,NA,NA,NA,NA,NA,NA,NA,NA,NA,NA,NA,0,NA,NA,NA,NA,NA,NA,1,NA,NA,NA,NA,NA,NA,0,NA,NA,NA,NA,NA,NA,0,NA,NA,NA,NA,NA,NA,0,NA,NA,NA,NA,NA,NA,0,NA,NA,NA,NA,NA,NA,0,NA,NA,NA,NA,NA,NA,1,NA,NA,NA,NA,NA,NA,NA,NA,NA,NA,NA,NA,NA,1,NA,NA,NA,NA,NA,NA,0,NA,NA,NA,NA,NA,NA,0,NA,NA,NA,NA,NA,0,NA,NA
Winter,WA,Fresh,3,15,NA,NA,NA,NA,NA,NA,0,NA,NA,NA,NA,NA,0,NA,NA,NA,NA,NA,NA,NA,3,NA,NA,NA,0,NA,0,NA,NA,NA,NA,NA,NA,8,NA,NA,NA,1,NA,NA,1,NA,NA,NA,NA,NA,NA,1,NA,NA,NA,NA,NA,NA,1,NA,NA,NA,NA,NA,NA,NA,NA,NA,NA,NA,0,NA,0,NA,NA,NA,NA,NA,NA,NA,NA,NA,NA,NA,NA,NA,0,NA,NA,NA,NA,NA,NA,NA,NA,NA,NA,NA,NA,NA,0,NA,NA,NA,NA,NA,NA,0,NA,NA,NA,NA,NA,NA,0,NA,NA,NA,NA,NA,NA,0,NA,NA,NA,NA,NA,NA,0,NA,NA,NA,NA,NA,NA,0,NA,NA,NA,NA,NA,NA,0,NA,NA,NA,NA,NA,NA,0,NA,NA,NA,NA,NA,NA,NA,NA,NA,NA,NA,NA,NA,0,NA,NA,NA,NA,NA,NA,0,NA,NA,NA,NA,NA,NA,0,NA,NA,NA,NA,NA,0,NA,NA
Winter,WA,Fully dried,1,13,NA,NA,NA,NA,0,NA,0,NA,NA,NA,NA,NA,NA,NA,NA,NA,NA,NA,NA,NA,NA,1,NA,NA,NA,NA,NA,NA,NA,NA,NA,NA,NA,NA,9,NA,NA,NA,NA,NA,NA,2,NA,NA,NA,NA,NA,NA,0,NA,NA,NA,NA,NA,NA,0,NA,NA,NA,NA,NA,NA,0,NA,NA,NA,NA,NA,NA,0,NA,NA,NA,NA,NA,NA,0,NA,NA,NA,NA,NA,NA,0,NA,NA,NA,NA,NA,NA,NA,NA,NA,NA,NA,NA,NA,0,NA,NA,NA,NA,NA,NA,0,NA,NA,NA,NA,NA,NA,0,NA,NA,NA,NA,NA,NA,0,NA,NA,NA,NA,NA,NA,0,NA,NA,NA,NA,NA,NA,NA,NA,NA,NA,NA,NA,NA,0,NA,NA,NA,NA,NA,NA,0,NA,NA,NA,NA,NA,NA,NA,NA,NA,NA,NA,NA,NA,0,NA,NA,NA,NA,NA,NA,0,NA,NA,NA,NA,NA,NA,0,NA,NA,NA,NA,NA,NA,0
Winter,WA,Fully dried,2,13,NA,NA,NA,NA,0,NA,0,NA,NA,NA,NA,NA,NA,NA,NA,NA,NA,NA,NA,NA,NA,0,NA,NA,NA,NA,NA,NA,NA,NA,NA,NA,NA,NA,5,NA,NA,NA,NA,NA,NA,5,NA,NA,NA,NA,NA,NA,0,NA,NA,NA,NA,NA,NA,0,NA,NA,NA,NA,NA,NA,1,NA,NA,NA,NA,NA,NA,2,NA,NA,NA,NA,NA,NA,0,NA,NA,NA,NA,NA,NA,0,NA,NA,NA,NA,NA,NA,NA,NA,NA,NA,NA,NA,NA,0,NA,NA,NA,NA,NA,NA,0,NA,NA,NA,NA,NA,NA,0,NA,NA,NA,NA,NA,NA,0,NA,NA,NA,NA,NA,NA,0,NA,NA,NA,NA,NA,NA,NA,NA,NA,NA,NA,NA,NA,0,NA,NA,NA,NA,NA,NA,0,NA,NA,NA,NA,NA,NA,NA,NA,NA,NA,NA,NA,NA,0,NA,NA,NA,NA,NA,NA,0,NA,NA,NA,NA,NA,NA,0,NA,NA,NA,NA,NA,NA,0
Winter,WA,Fully dried,3,14,NA,NA,NA,NA,0,NA,0,NA,NA,NA,NA,NA,NA,NA,NA,NA,NA,NA,NA,NA,NA,2,NA,NA,NA,NA,NA,NA,NA,NA,NA,NA,NA,NA,8,NA,NA,NA,NA,NA,NA,2,NA,NA,NA,NA,NA,NA,2,NA,NA,NA,NA,NA,NA,0,NA,NA,NA,NA,NA,NA,0,NA,NA,NA,NA,NA,NA,0,NA,NA,NA,NA,NA,NA,0,NA,NA,NA,NA,NA,NA,0,NA,NA,NA,NA,NA,NA,NA,NA,NA,NA,NA,NA,NA,0,NA,NA,NA,NA,NA,NA,0,NA,NA,NA,NA,NA,NA,0,NA,NA,NA,NA,NA,NA,0,NA,NA,NA,NA,NA,NA,0,NA,NA,NA,NA,NA,NA,NA,NA,NA,NA,NA,NA,NA,0,NA,NA,NA,NA,NA,NA,0,NA,NA,NA,NA,NA,NA,NA,NA,NA,NA,NA,NA,NA,0,NA,NA,NA,NA,NA,NA,0,NA,NA,NA,NA,NA,NA,0,NA,NA,NA,NA,NA,NA,0
Winter,WA,Partially dried,1,15,NA,NA,NA,NA,NA,NA,0,NA,NA,NA,NA,NA,NA,0,NA,NA,NA,NA,NA,NA,4,NA,NA,NA,NA,NA,NA,5,NA,NA,NA,NA,NA,NA,NA,NA,NA,NA,NA,4,NA,1,NA,NA,NA,NA,NA,NA,NA,NA,NA,NA,NA,NA,NA,NA,1,NA,NA,NA,NA,NA,NA,NA,NA,NA,NA,NA,NA,0,NA,NA,NA,NA,NA,NA,0,NA,NA,NA,NA,NA,NA,0,NA,NA,NA,NA,NA,NA,NA,NA,NA,NA,NA,NA,NA,NA,NA,NA,NA,NA,NA,NA,NA,NA,NA,NA,NA,NA,NA,NA,NA,NA,NA,NA,NA,NA,NA,NA,NA,NA,NA,NA,NA,NA,NA,NA,NA,NA,NA,NA,NA,NA,NA,NA,NA,NA,NA,NA,NA,NA,NA,NA,NA,NA,NA,NA,NA,NA,NA,NA,NA,NA,NA,NA,NA,NA,NA,NA,NA,NA,NA,NA,NA,NA,NA,NA,NA,NA,NA,NA,NA,NA,NA,NA,NA,NA,NA,NA,NA,NA
Winter,WA,Partially dried,2,15,NA,NA,NA,NA,NA,NA,0,NA,NA,NA,NA,NA,NA,0,NA,NA,NA,NA,NA,NA,8,NA,NA,NA,NA,NA,NA,3,NA,NA,NA,NA,NA,NA,NA,NA,NA,NA,NA,4,NA,0,NA,NA,NA,NA,NA,NA,NA,NA,NA,NA,NA,NA,NA,NA,0,NA,NA,NA,NA,NA,NA,NA,NA,NA,NA,NA,NA,0,NA,NA,NA,NA,NA,NA,0,NA,NA,NA,NA,NA,NA,0,NA,NA,NA,NA,NA,NA,NA,NA,NA,NA,NA,NA,NA,NA,NA,NA,NA,NA,NA,NA,NA,NA,NA,NA,NA,NA,NA,NA,NA,NA,NA,NA,NA,NA,NA,NA,NA,NA,NA,NA,NA,NA,NA,NA,NA,NA,NA,NA,NA,NA,NA,NA,NA,NA,NA,NA,NA,NA,NA,NA,NA,NA,NA,NA,NA,NA,NA,NA,NA,NA,NA,NA,NA,NA,NA,NA,NA,NA,NA,NA,NA,NA,NA,NA,NA,NA,NA,NA,NA,NA,NA,NA,NA,NA,NA,NA,NA,NA
Winter,WA,Partially dried,3,15,NA,NA,NA,NA,NA,NA,0,NA,NA,NA,NA,NA,NA,0,NA,NA,NA,NA,NA,NA,2,NA,NA,NA,NA,NA,NA,7,NA,NA,NA,NA,NA,NA,NA,NA,NA,NA,NA,5,NA,0,NA,NA,NA,NA,NA,NA,NA,NA,NA,NA,NA,NA,NA,NA,1,NA,NA,NA,NA,NA,NA,NA,NA,NA,NA,NA,NA,0,NA,NA,NA,NA,NA,NA,0,NA,NA,NA,NA,NA,NA,0,NA,NA,NA,NA,NA,NA,NA,NA,NA,NA,NA,NA,NA,NA,NA,NA,NA,NA,NA,NA,NA,NA,NA,NA,NA,NA,NA,NA,NA,NA,NA,NA,NA,NA,NA,NA,NA,NA,NA,NA,NA,NA,NA,NA,NA,NA,NA,NA,NA,NA,NA,NA,NA,NA,NA,NA,NA,NA,NA,NA,NA,NA,NA,NA,NA,NA,NA,NA,NA,NA,NA,NA,NA,NA,NA,NA,NA,NA,NA,NA,NA,NA,NA,NA,NA,NA,NA,NA,NA,NA,NA,NA,NA,NA,NA,NA,NA,NA
Winter,WA + GA3,Fresh,1,14,NA,NA,NA,NA,NA,NA,0,NA,NA,NA,NA,NA,0,NA,NA,NA,NA,NA,NA,NA,1,NA,NA,NA,1,NA,3,NA,NA,NA,NA,3,NA,2,NA,NA,NA,1,NA,NA,0,NA,NA,NA,NA,NA,NA,1,NA,NA,NA,NA,NA,NA,0,NA,NA,NA,NA,NA,NA,NA,NA,NA,NA,NA,0,NA,0,NA,NA,NA,NA,NA,NA,NA,NA,NA,NA,NA,NA,NA,NA,0,NA,NA,NA,NA,NA,NA,NA,NA,NA,NA,NA,NA,1,NA,NA,NA,NA,NA,NA,0,NA,NA,NA,NA,NA,NA,0,NA,NA,NA,NA,NA,NA,0,NA,NA,NA,NA,NA,NA,0,NA,NA,NA,NA,NA,NA,0,NA,NA,NA,NA,NA,NA,0,NA,NA,NA,NA,NA,NA,0,NA,NA,NA,NA,NA,NA,NA,NA,NA,NA,NA,NA,NA,1,NA,NA,NA,NA,NA,NA,0,NA,NA,NA,NA,NA,NA,0,NA,NA,NA,NA,NA,0,NA,NA
Winter,WA + GA3,Fresh,2,14,NA,NA,NA,NA,NA,NA,0,NA,NA,NA,NA,NA,0,NA,NA,NA,NA,NA,NA,NA,1,NA,NA,NA,1,NA,3,NA,NA,NA,NA,2,NA,0,NA,NA,NA,0,NA,NA,1,NA,NA,NA,NA,NA,NA,1,NA,NA,NA,NA,NA,NA,0,NA,NA,NA,NA,NA,NA,NA,NA,NA,NA,NA,1,NA,0,NA,NA,NA,NA,NA,NA,NA,NA,NA,NA,NA,NA,NA,NA,3,NA,NA,NA,NA,NA,NA,NA,NA,NA,NA,NA,NA,1,NA,NA,NA,NA,NA,NA,0,NA,NA,NA,NA,NA,NA,0,NA,NA,NA,NA,NA,NA,0,NA,NA,NA,NA,NA,NA,0,NA,NA,NA,NA,NA,NA,0,NA,NA,NA,NA,NA,NA,0,NA,NA,NA,NA,NA,NA,0,NA,NA,NA,NA,NA,NA,NA,NA,NA,NA,NA,NA,NA,0,NA,NA,NA,NA,NA,NA,0,NA,NA,NA,NA,NA,NA,0,NA,NA,NA,NA,NA,0,NA,NA
Winter,WA + GA3,Fresh,3,13,NA,NA,NA,NA,NA,NA,0,NA,NA,NA,NA,NA,0,NA,NA,NA,NA,NA,NA,NA,1,NA,NA,NA,2,NA,0,NA,NA,NA,NA,2,NA,4,NA,NA,NA,0,NA,NA,0,NA,NA,NA,NA,NA,NA,0,NA,NA,NA,NA,NA,NA,1,NA,NA,NA,NA,NA,NA,NA,NA,NA,NA,NA,2,NA,0,NA,NA,NA,NA,NA,NA,NA,NA,NA,NA,NA,NA,NA,NA,1,NA,NA,NA,NA,NA,NA,NA,NA,NA,NA,NA,NA,0,NA,NA,NA,NA,NA,NA,0,NA,NA,NA,NA,NA,NA,0,NA,NA,NA,NA,NA,NA,0,NA,NA,NA,NA,NA,NA,0,NA,NA,NA,NA,NA,NA,0,NA,NA,NA,NA,NA,NA,0,NA,NA,NA,NA,NA,NA,0,NA,NA,NA,NA,NA,NA,NA,NA,NA,NA,NA,NA,NA,0,NA,NA,NA,NA,NA,NA,0,NA,NA,NA,NA,NA,NA,0,NA,NA,NA,NA,NA,0,NA,NA